"sheet_id","sheet_file","grid_cols","grid_rows","cell_index","row","col","sprite_key","animation","fps","loop"
"A","PM_A_master.png",8,7,1,1,1,"pm/portrait","","",""
"A","PM_A_master.png",8,7,2,1,2,"pm/idle_01","pm/idle",6,true
"A","PM_A_master.png",8,7,3,1,3,"pm/idle_02","pm/idle",6,true
"A","PM_A_master.png",8,7,4,1,4,"pm/idle_03","pm/idle",6,true
"A","PM_A_master.png",8,7,5,1,5,"pm/idle_back_01","pm/idle_back",1,false
"A","PM_A_master.png",8,7,6,1,6,"pm/idle_04","pm/idle",6,true
"A","PM_A_master.png",8,7,7,1,7,"pm/greet_01","pm/greet",6,false
"A","PM_A_master.png",8,7,8,1,8,"pm/greet_02","pm/greet",6,false
"A","PM_A_master.png",8,7,9,2,1,"pm/walk_01","pm/walk",10,true
"A","PM_A_master.png",8,7,10,2,2,"pm/walk_02","pm/walk",10,true
"A","PM_A_master.png",8,7,11,2,3,"pm/walk_03","pm/walk",10,true
"A","PM_A_master.png",8,7,12,2,4,"pm/walk_04","pm/walk",10,true
"A","PM_A_master.png",8,7,13,2,5,"pm/walk_05","pm/walk",10,true
"A","PM_A_master.png",8,7,14,2,6,"pm/walk_06","pm/walk",10,true
"A","PM_A_master.png",8,7,15,2,7,"pm/walk_07","pm/walk",10,true
"A","PM_A_master.png",8,7,16,2,8,"pm/walk_08","pm/walk",10,true
"A","PM_A_master.png",8,7,17,3,1,"pm/run_01","pm/run",14,true
"A","PM_A_master.png",8,7,18,3,2,"pm/run_02","pm/run",14,true
"A","PM_A_master.png",8,7,19,3,3,"pm/run_03","pm/run",14,true
"A","PM_A_master.png",8,7,20,3,4,"pm/run_04","pm/run",14,true
"A","PM_A_master.png",8,7,21,3,5,"pm/run_05","pm/run",14,true
"A","PM_A_master.png",8,7,22,3,6,"pm/run_06","pm/run",14,true
"A","PM_A_master.png",8,7,23,3,7,"pm/run_07","pm/run",14,true
"A","PM_A_master.png",8,7,24,3,8,"pm/run_08","pm/run",14,true
"A","PM_A_master.png",8,7,25,4,1,"pm/jump_01","pm/jump",12,false
"A","PM_A_master.png",8,7,26,4,2,"pm/jump_02","pm/jump",12,false
"A","PM_A_master.png",8,7,27,4,3,"pm/jump_03","pm/jump",12,false
"A","PM_A_master.png",8,7,28,4,4,"pm/jump_04","pm/jump",12,false
"A","PM_A_master.png",8,7,29,4,5,"pm/jump_05","pm/jump",12,false
"A","PM_A_master.png",8,7,30,4,6,"pm/jump_06","pm/jump",12,false
"A","PM_A_master.png",8,7,31,4,7,"pm/startle_01","pm/startle",10,false
"A","PM_A_master.png",8,7,32,4,8,"pm/startle_02","pm/startle",10,false
"A","PM_A_master.png",8,7,33,5,1,"pm/crouch_01","pm/crouch",8,false
"A","PM_A_master.png",8,7,34,5,2,"pm/crouch_02","pm/crouch",8,false
"A","PM_A_master.png",8,7,35,5,3,"pm/crouch_03","pm/crouch",8,false
"A","PM_A_master.png",8,7,36,5,4,"pm/sit_01","pm/sit",8,false
"A","PM_A_master.png",8,7,37,5,5,"pm/sit_02","pm/sit",8,false
"A","PM_A_master.png",8,7,38,5,6,"pm/sit_03","pm/sit",8,false
"A","PM_A_master.png",8,7,39,5,7,"pm/sit_04","pm/sit",8,false
"A","PM_A_master.png",8,7,40,5,8,"pm/sit_05","pm/sit",8,false
"A","PM_A_master.png",8,7,41,6,1,"pm/slump_01","pm/slump",6,false
"A","PM_A_master.png",8,7,42,6,2,"pm/slump_02","pm/slump",6,false
"A","PM_A_master.png",8,7,43,6,3,"pm/lie_01","pm/lie",2,true
"A","PM_A_master.png",8,7,44,6,4,"pm/lie_02","pm/lie",2,true
"A","PM_A_master.png",8,7,45,6,5,"pm/lie_03","pm/lie",2,true
"A","PM_A_master.png",8,7,46,6,6,"pm/getup_01","pm/getup",8,false
"A","PM_A_master.png",8,7,47,6,7,"pm/getup_02","pm/getup",8,false
"A","PM_A_master.png",8,7,48,6,8,"pm/getup_03","pm/getup",8,false
"A","PM_A_master.png",8,7,49,7,1,"pm/good_01","pm/good",8,false
"A","PM_A_master.png",8,7,50,7,2,"pm/good_02","pm/good",8,false
"A","PM_A_master.png",8,7,51,7,3,"pm/good_03","pm/good",8,false
"A","PM_A_master.png",8,7,52,7,4,"pm/bad_01","pm/bad",8,false
"A","PM_A_master.png",8,7,53,7,5,"pm/bad_02","pm/bad",8,false
"A","PM_A_master.png",8,7,54,7,6,"pm/bad_03","pm/bad",8,false
"A","PM_A_master.png",8,7,55,7,7,"pm/sigh_01","pm/sigh",8,false
"A","PM_A_master.png",8,7,56,7,8,"pm/sigh_02","pm/sigh",8,false
"B","PM_B_hands_gestures.png",8,7,1,1,1,"pm/tab_hold_01","pm/tab_hold",1,false
"B","PM_B_hands_gestures.png",8,7,2,1,2,"pm/tab_read_01","pm/tab_read",8,false
"B","PM_B_hands_gestures.png",8,7,3,1,3,"pm/tab_read_02","pm/tab_read",8,false
"B","PM_B_hands_gestures.png",8,7,4,1,4,"pm/tab_present_01","pm/tab_present",8,false
"B","PM_B_hands_gestures.png",8,7,5,1,5,"pm/tab_present_02","pm/tab_present",8,false
"B","PM_B_hands_gestures.png",8,7,6,1,6,"pm/tab_present_03","pm/tab_present",8,false
"B","PM_B_hands_gestures.png",8,7,7,1,7,"pm/tab_swipe_01","pm/tab_swipe",1,false
"B","PM_B_hands_gestures.png",8,7,8,1,8,"pm/tab_tuck_01","pm/tab_tuck",1,false
"B","PM_B_hands_gestures.png",8,7,9,2,1,"pm/doc_carry_01","pm/doc_carry",1,false
"B","PM_B_hands_gestures.png",8,7,10,2,2,"pm/doc_give_01","pm/doc_give",8,false
"B","PM_B_hands_gestures.png",8,7,11,2,3,"pm/doc_give_02","pm/doc_give",8,false
"B","PM_B_hands_gestures.png",8,7,12,2,4,"pm/doc_receive_01","pm/doc_receive",1,false
"B","PM_B_hands_gestures.png",8,7,13,2,5,"pm/doc_raise_01","pm/doc_raise",8,false
"B","PM_B_hands_gestures.png",8,7,14,2,6,"pm/doc_raise_02","pm/doc_raise",8,false
"B","PM_B_hands_gestures.png",8,7,15,2,7,"pm/doc_flip_01","pm/doc_flip",8,false
"B","PM_B_hands_gestures.png",8,7,16,2,8,"pm/doc_flip_02","pm/doc_flip",8,false
"B","PM_B_hands_gestures.png",8,7,17,3,1,"pm/phone_call_01","pm/phone_call",8,false
"B","PM_B_hands_gestures.png",8,7,18,3,2,"pm/phone_call_02","pm/phone_call",8,false
"B","PM_B_hands_gestures.png",8,7,19,3,3,"pm/phone_read_01","pm/phone_read",8,false
"B","PM_B_hands_gestures.png",8,7,20,3,4,"pm/phone_read_02","pm/phone_read",8,false
"B","PM_B_hands_gestures.png",8,7,21,3,5,"pm/coffee_01","pm/coffee",8,false
"B","PM_B_hands_gestures.png",8,7,22,3,6,"pm/coffee_02","pm/coffee",8,false
"B","PM_B_hands_gestures.png",8,7,23,3,7,"pm/shake_01","pm/shake",8,false
"B","PM_B_hands_gestures.png",8,7,24,3,8,"pm/shake_02","pm/shake",8,false
"B","PM_B_hands_gestures.png",8,7,25,4,1,"pm/talk_01","pm/talk",6,true
"B","PM_B_hands_gestures.png",8,7,26,4,2,"pm/talk_02","pm/talk",6,true
"B","PM_B_hands_gestures.png",8,7,27,4,3,"pm/count_01","pm/count",8,false
"B","PM_B_hands_gestures.png",8,7,28,4,4,"pm/count_02","pm/count",8,false
"B","PM_B_hands_gestures.png",8,7,29,4,5,"pm/count_03","pm/count",8,false
"B","PM_B_hands_gestures.png",8,7,30,4,6,"pm/nod_01","pm/nod",6,true
"B","PM_B_hands_gestures.png",8,7,31,4,7,"pm/nod_02","pm/nod",6,true
"B","PM_B_hands_gestures.png",8,7,32,4,8,"pm/headshake_01","pm/headshake",1,false
"B","PM_B_hands_gestures.png",8,7,33,5,1,"pm/stop_01","pm/stop",8,false
"B","PM_B_hands_gestures.png",8,7,34,5,2,"pm/stop_02","pm/stop",8,false
"B","PM_B_hands_gestures.png",8,7,35,5,3,"pm/thumbs_01","pm/thumbs",1,false
"B","PM_B_hands_gestures.png",8,7,36,5,4,"pm/rally_01","pm/rally",8,false
"B","PM_B_hands_gestures.png",8,7,37,5,5,"pm/rally_02","pm/rally",8,false
"B","PM_B_hands_gestures.png",8,7,38,5,6,"pm/goahead_01","pm/goahead",8,false
"B","PM_B_hands_gestures.png",8,7,39,5,7,"pm/goahead_02","pm/goahead",8,false
"B","PM_B_hands_gestures.png",8,7,40,5,8,"pm/clap_01","pm/clap",1,false
"B","PM_B_hands_gestures.png",8,7,41,6,1,"pm/bow_01","pm/bow",8,false
"B","PM_B_hands_gestures.png",8,7,42,6,2,"pm/bow_02","pm/bow",8,false
"B","PM_B_hands_gestures.png",8,7,43,6,3,"pm/crossarms_01","pm/crossarms",1,false
"B","PM_B_hands_gestures.png",8,7,44,6,4,"pm/scold_01","pm/scold",8,false
"B","PM_B_hands_gestures.png",8,7,45,6,5,"pm/scold_02","pm/scold",8,false
"B","PM_B_hands_gestures.png",8,7,46,6,6,"pm/facepalm_01","pm/facepalm",1,false
"B","PM_B_hands_gestures.png",8,7,47,6,7,"pm/scratch_01","pm/scratch",1,false
"B","PM_B_hands_gestures.png",8,7,48,6,8,"pm/shrug_01","pm/shrug",1,false
"B","PM_B_hands_gestures.png",8,7,49,7,1,"pm/think_01","pm/think",8,false
"B","PM_B_hands_gestures.png",8,7,50,7,2,"pm/think_02","pm/think",8,false
"B","PM_B_hands_gestures.png",8,7,51,7,3,"pm/stress_01","pm/stress",8,false
"B","PM_B_hands_gestures.png",8,7,52,7,4,"pm/stress_02","pm/stress",8,false
"B","PM_B_hands_gestures.png",8,7,53,7,5,"pm/confident_01","pm/confident",1,false
"B","PM_B_hands_gestures.png",8,7,54,7,6,"pm/stretch_01","pm/stretch",8,false
"B","PM_B_hands_gestures.png",8,7,55,7,7,"pm/stretch_02","pm/stretch",8,false
"B","PM_B_hands_gestures.png",8,7,56,7,8,"pm/coach_01","pm/coach",1,false
"C","PM_C_work_scenes.png",8,7,1,1,1,"pm/desk_type_01","pm/desk_type",8,true
"C","PM_C_work_scenes.png",8,7,2,1,2,"pm/desk_type_02","pm/desk_type",8,true
"C","PM_C_work_scenes.png",8,7,3,1,3,"pm/desk_read_01","pm/desk_read",1,false
"C","PM_C_work_scenes.png",8,7,4,1,4,"pm/desk_note_01","pm/desk_note",1,false
"C","PM_C_work_scenes.png",8,7,5,1,5,"pm/desk_stand_01","pm/desk_stand",8,false
"C","PM_C_work_scenes.png",8,7,6,1,6,"pm/desk_stand_02","pm/desk_stand",8,false
"C","PM_C_work_scenes.png",8,7,7,1,7,"pm/meet_note_01","pm/meet_note",8,false
"C","PM_C_work_scenes.png",8,7,8,1,8,"pm/meet_note_02","pm/meet_note",8,false
"C","PM_C_work_scenes.png",8,7,9,2,1,"pm/night_type_01","pm/night_type",6,true
"C","PM_C_work_scenes.png",8,7,10,2,2,"pm/night_type_02","pm/night_type",6,true
"C","PM_C_work_scenes.png",8,7,11,2,3,"pm/night_rub_01","pm/night_rub",1,false
"C","PM_C_work_scenes.png",8,7,12,2,4,"pm/night_yawn_01","pm/night_yawn",1,false
"C","PM_C_work_scenes.png",8,7,13,2,5,"pm/night_sleep_01","pm/night_sleep",2,true
"C","PM_C_work_scenes.png",8,7,14,2,6,"pm/night_sleep_02","pm/night_sleep",2,true
"C","PM_C_work_scenes.png",8,7,15,2,7,"pm/night_wake_01","pm/night_wake",8,false
"C","PM_C_work_scenes.png",8,7,16,2,8,"pm/night_wake_02","pm/night_wake",8,false
"C","PM_C_work_scenes.png",8,7,17,3,1,"pm/oneone_talk_01","pm/oneone_talk",8,false
"C","PM_C_work_scenes.png",8,7,18,3,2,"pm/oneone_talk_02","pm/oneone_talk",8,false
"C","PM_C_work_scenes.png",8,7,19,3,3,"pm/oneone_listen_01","pm/oneone_listen",8,false
"C","PM_C_work_scenes.png",8,7,20,3,4,"pm/oneone_listen_02","pm/oneone_listen",8,false
"C","PM_C_work_scenes.png",8,7,21,3,5,"pm/oneone_show_01","pm/oneone_show",8,false
"C","PM_C_work_scenes.png",8,7,22,3,6,"pm/oneone_show_02","pm/oneone_show",8,false
"C","PM_C_work_scenes.png",8,7,23,3,7,"pm/oneone_worry_01","pm/oneone_worry",8,false
"C","PM_C_work_scenes.png",8,7,24,3,8,"pm/oneone_worry_02","pm/oneone_worry",8,false
"C","PM_C_work_scenes.png",8,7,25,4,1,"pm/meet_table_talk_01","pm/meet_table_talk",8,false
"C","PM_C_work_scenes.png",8,7,26,4,2,"pm/meet_table_talk_02","pm/meet_table_talk",8,false
"C","PM_C_work_scenes.png",8,7,27,4,3,"pm/meet_table_listen_01","pm/meet_table_listen",8,false
"C","PM_C_work_scenes.png",8,7,28,4,4,"pm/meet_table_listen_02","pm/meet_table_listen",8,false
"C","PM_C_work_scenes.png",8,7,29,4,5,"pm/meet_table_present_01","pm/meet_table_present",8,false
"C","PM_C_work_scenes.png",8,7,30,4,6,"pm/meet_table_present_02","pm/meet_table_present",8,false
"C","PM_C_work_scenes.png",8,7,31,4,7,"pm/meet_table_worry_01","pm/meet_table_worry",1,false
"C","PM_C_work_scenes.png",8,7,32,4,8,"pm/meet_table_agree_01","pm/meet_table_agree",1,false
"C","PM_C_work_scenes.png",8,7,33,5,1,"pm/wb_write_01","pm/wb_write",8,true
"C","PM_C_work_scenes.png",8,7,34,5,2,"pm/wb_write_02","pm/wb_write",8,true
"C","PM_C_work_scenes.png",8,7,35,5,3,"pm/wb_write_03","pm/wb_write",8,true
"C","PM_C_work_scenes.png",8,7,36,5,4,"pm/wb_point_01","pm/wb_point",8,false
"C","PM_C_work_scenes.png",8,7,37,5,5,"pm/wb_point_02","pm/wb_point",8,false
"C","PM_C_work_scenes.png",8,7,38,5,6,"pm/wb_explain_01","pm/wb_explain",8,false
"C","PM_C_work_scenes.png",8,7,39,5,7,"pm/wb_explain_02","pm/wb_explain",8,false
"C","PM_C_work_scenes.png",8,7,40,5,8,"pm/wb_cap_01","pm/wb_cap",1,false
"C","PM_C_work_scenes.png",8,7,41,6,1,"pm/alert_01","pm/alert",8,false
"C","PM_C_work_scenes.png",8,7,42,6,2,"pm/alert_02","pm/alert",8,false
"C","PM_C_work_scenes.png",8,7,43,6,3,"pm/command_01","pm/command",6,true
"C","PM_C_work_scenes.png",8,7,44,6,4,"pm/command_02","pm/command",6,true
"C","PM_C_work_scenes.png",8,7,45,6,5,"pm/command_03","pm/command",6,true
"C","PM_C_work_scenes.png",8,7,46,6,6,"pm/headset_01","pm/headset",6,true
"C","PM_C_work_scenes.png",8,7,47,6,7,"pm/headset_02","pm/headset",6,true
"C","PM_C_work_scenes.png",8,7,48,6,8,"pm/relief_01","pm/relief",1,false
"C","PM_C_work_scenes.png",8,7,49,7,1,"pm/rollback_01","pm/rollback",12,true
"C","PM_C_work_scenes.png",8,7,50,7,2,"pm/rollback_02","pm/rollback",12,true
"C","PM_C_work_scenes.png",8,7,51,7,3,"pm/rollback_03","pm/rollback",12,true
"C","PM_C_work_scenes.png",8,7,52,7,4,"pm/rollback_04","pm/rollback",12,true
"C","PM_C_work_scenes.png",8,7,53,7,5,"pm/delegate_01","pm/delegate",8,false
"C","PM_C_work_scenes.png",8,7,54,7,6,"pm/delegate_02","pm/delegate",8,false
"C","PM_C_work_scenes.png",8,7,55,7,7,"pm/checklist_01","pm/checklist",8,false
"C","PM_C_work_scenes.png",8,7,56,7,8,"pm/checklist_02","pm/checklist",8,false
"D","PM_D_portraits.png",4,5,1,1,1,"pm/face_neutral","","",""
"D","PM_D_portraits.png",4,5,2,1,2,"pm/face_confident","","",""
"D","PM_D_portraits.png",4,5,3,1,3,"pm/face_serious","","",""
"D","PM_D_portraits.png",4,5,4,1,4,"pm/face_worried","","",""
"D","PM_D_portraits.png",4,5,5,2,1,"pm/face_surprised","","",""
"D","PM_D_portraits.png",4,5,6,2,2,"pm/face_happy","","",""
"D","PM_D_portraits.png",4,5,7,2,3,"pm/face_apologetic","","",""
"D","PM_D_portraits.png",4,5,8,2,4,"pm/face_stressed","","",""
"D","PM_D_portraits.png",4,5,9,3,1,"pm/face_stern","","",""
"D","PM_D_portraits.png",4,5,10,3,2,"pm/face_sad","","",""
"D","PM_D_portraits.png",4,5,11,3,3,"pm/face_proud","","",""
"D","PM_D_portraits.png",4,5,12,3,4,"pm/face_thinking","","",""
"D","PM_D_portraits.png",4,5,13,4,1,"pm/face_relieved","","",""
"D","PM_D_portraits.png",4,5,14,4,2,"pm/face_determined","","",""
"D","PM_D_portraits.png",4,5,15,4,3,"pm/face_exhausted","","",""
"D","PM_D_portraits.png",4,5,16,4,4,"pm/face_embarrassed","","",""
"D","PM_D_portraits.png",4,5,17,5,1,"pm/face_formal_neutral","","",""
"D","PM_D_portraits.png",4,5,18,5,2,"pm/face_formal_confident","","",""
"D","PM_D_portraits.png",4,5,19,5,3,"pm/face_pm_happy","","",""
"D","PM_D_portraits.png",4,5,20,5,4,"pm/face_pm_proud","","",""
"E","PM_E_review_endings_tired.png",8,7,1,1,1,"pm/formal_walk_01","pm/formal_walk",10,true
"E","PM_E_review_endings_tired.png",8,7,2,1,2,"pm/formal_walk_02","pm/formal_walk",10,true
"E","PM_E_review_endings_tired.png",8,7,3,1,3,"pm/formal_walk_03","pm/formal_walk",10,true
"E","PM_E_review_endings_tired.png",8,7,4,1,4,"pm/formal_walk_04","pm/formal_walk",10,true
"E","PM_E_review_endings_tired.png",8,7,5,1,5,"pm/formal_walk_05","pm/formal_walk",10,true
"E","PM_E_review_endings_tired.png",8,7,6,1,6,"pm/formal_walk_06","pm/formal_walk",10,true
"E","PM_E_review_endings_tired.png",8,7,7,1,7,"pm/formal_walk_07","pm/formal_walk",10,true
"E","PM_E_review_endings_tired.png",8,7,8,1,8,"pm/formal_walk_08","pm/formal_walk",10,true
"E","PM_E_review_endings_tired.png",8,7,9,2,1,"pm/present_01","pm/present",8,false
"E","PM_E_review_endings_tired.png",8,7,10,2,2,"pm/present_02","pm/present",8,false
"E","PM_E_review_endings_tired.png",8,7,11,2,3,"pm/present_03","pm/present",8,false
"E","PM_E_review_endings_tired.png",8,7,12,2,4,"pm/present_04","pm/present",8,false
"E","PM_E_review_endings_tired.png",8,7,13,2,5,"pm/nervous_01","pm/nervous",8,false
"E","PM_E_review_endings_tired.png",8,7,14,2,6,"pm/nervous_02","pm/nervous",8,false
"E","PM_E_review_endings_tired.png",8,7,15,2,7,"pm/adjust_01","pm/adjust",8,false
"E","PM_E_review_endings_tired.png",8,7,16,2,8,"pm/adjust_02","pm/adjust",8,false
"E","PM_E_review_endings_tired.png",8,7,17,3,1,"pm/answer_01","pm/answer",8,false
"E","PM_E_review_endings_tired.png",8,7,18,3,2,"pm/answer_02","pm/answer",8,false
"E","PM_E_review_endings_tired.png",8,7,19,3,3,"pm/reflect_01","pm/reflect",8,false
"E","PM_E_review_endings_tired.png",8,7,20,3,4,"pm/reflect_02","pm/reflect",8,false
"E","PM_E_review_endings_tired.png",8,7,21,3,5,"pm/bowthank_01","pm/bowthank",8,false
"E","PM_E_review_endings_tired.png",8,7,22,3,6,"pm/bowthank_02","pm/bowthank",8,false
"E","PM_E_review_endings_tired.png",8,7,23,3,7,"pm/wait_01","pm/wait",8,false
"E","PM_E_review_endings_tired.png",8,7,24,3,8,"pm/wait_02","pm/wait",8,false
"E","PM_E_review_endings_tired.png",8,7,25,4,1,"pm/badge_01","pm/badge",8,false
"E","PM_E_review_endings_tired.png",8,7,26,4,2,"pm/badge_02","pm/badge",8,false
"E","PM_E_review_endings_tired.png",8,7,27,4,3,"pm/badge_03","pm/badge",8,false
"E","PM_E_review_endings_tired.png",8,7,28,4,4,"pm/celebrate_01","pm/celebrate",8,false
"E","PM_E_review_endings_tired.png",8,7,29,4,5,"pm/celebrate_02","pm/celebrate",8,false
"E","PM_E_review_endings_tired.png",8,7,30,4,6,"pm/celebrate_03","pm/celebrate",8,false
"E","PM_E_review_endings_tired.png",8,7,31,4,7,"pm/relieved_01","pm/relieved",8,false
"E","PM_E_review_endings_tired.png",8,7,32,4,8,"pm/relieved_02","pm/relieved",8,false
"E","PM_E_review_endings_tired.png",8,7,33,5,1,"pm/fail_01","pm/fail",8,false
"E","PM_E_review_endings_tired.png",8,7,34,5,2,"pm/fail_02","pm/fail",8,false
"E","PM_E_review_endings_tired.png",8,7,35,5,3,"pm/fail_03","pm/fail",8,false
"E","PM_E_review_endings_tired.png",8,7,36,5,4,"pm/leave_01","pm/leave",8,true
"E","PM_E_review_endings_tired.png",8,7,37,5,5,"pm/leave_02","pm/leave",8,true
"E","PM_E_review_endings_tired.png",8,7,38,5,6,"pm/leave_03","pm/leave",8,true
"E","PM_E_review_endings_tired.png",8,7,39,5,7,"pm/leave_back_01","pm/leave_back",1,false
"E","PM_E_review_endings_tired.png",8,7,40,5,8,"pm/resolve_01","pm/resolve",1,false
"E","PM_E_review_endings_tired.png",8,7,41,6,1,"pm/tired_idle_01","pm/tired_idle",5,true
"E","PM_E_review_endings_tired.png",8,7,42,6,2,"pm/tired_idle_02","pm/tired_idle",5,true
"E","PM_E_review_endings_tired.png",8,7,43,6,3,"pm/tired_idle_03","pm/tired_idle",5,true
"E","PM_E_review_endings_tired.png",8,7,44,6,4,"pm/tired_idle_04","pm/tired_idle",5,true
"E","PM_E_review_endings_tired.png",8,7,45,6,5,"pm/tired_talk_01","pm/tired_talk",6,true
"E","PM_E_review_endings_tired.png",8,7,46,6,6,"pm/tired_talk_02","pm/tired_talk",6,true
"E","PM_E_review_endings_tired.png",8,7,47,6,7,"pm/tired_talk_03","pm/tired_talk",6,true
"E","PM_E_review_endings_tired.png",8,7,48,6,8,"pm/tired_talk_04","pm/tired_talk",6,true
"E","PM_E_review_endings_tired.png",8,7,49,7,1,"pm/tired_walk_01","pm/tired_walk",8,true
"E","PM_E_review_endings_tired.png",8,7,50,7,2,"pm/tired_walk_02","pm/tired_walk",8,true
"E","PM_E_review_endings_tired.png",8,7,51,7,3,"pm/tired_walk_03","pm/tired_walk",8,true
"E","PM_E_review_endings_tired.png",8,7,52,7,4,"pm/tired_walk_04","pm/tired_walk",8,true
"E","PM_E_review_endings_tired.png",8,7,53,7,5,"pm/tired_walk_05","pm/tired_walk",8,true
"E","PM_E_review_endings_tired.png",8,7,54,7,6,"pm/tired_walk_06","pm/tired_walk",8,true
"E","PM_E_review_endings_tired.png",8,7,55,7,7,"pm/tired_walk_07","pm/tired_walk",8,true
"E","PM_E_review_endings_tired.png",8,7,56,7,8,"pm/tired_walk_08","pm/tired_walk",8,true
"P","PM_P_props.png",8,4,1,1,1,"prop/tablet_back","","",""
"P","PM_P_props.png",8,4,2,1,2,"prop/tablet_screen_front","","",""
"P","PM_P_props.png",8,4,3,1,3,"prop/tablet_screen_34","","",""
"P","PM_P_props.png",8,4,4,1,4,"prop/tablet_edge","","",""
"P","PM_P_props.png",8,4,5,1,5,"prop/tablet_flat","","",""
"P","PM_P_props.png",8,4,6,1,6,"prop/phone_back","","",""
"P","PM_P_props.png",8,4,7,1,7,"prop/phone_screen","","",""
"P","PM_P_props.png",8,4,8,1,8,"prop/laptop_closed","","",""
"P","PM_P_props.png",8,4,9,2,1,"prop/folder_closed","","",""
"P","PM_P_props.png",8,4,10,2,2,"prop/folder_open","","",""
"P","PM_P_props.png",8,4,11,2,3,"prop/contract_sheet","","",""
"P","PM_P_props.png",8,4,12,2,4,"prop/paper_stack","","",""
"P","PM_P_props.png",8,4,13,2,5,"prop/papers_scattered","","",""
"P","PM_P_props.png",8,4,14,2,6,"prop/notebook_open","","",""
"P","PM_P_props.png",8,4,15,2,7,"prop/pen","","",""
"P","PM_P_props.png",8,4,16,2,8,"prop/checklist_sheet","","",""
"P","PM_P_props.png",8,4,17,3,1,"prop/task_card","","",""
"P","PM_P_props.png",8,4,18,3,2,"prop/mug_steam","","",""
"P","PM_P_props.png",8,4,19,3,3,"prop/mug_plain","","",""
"P","PM_P_props.png",8,4,20,3,4,"prop/marker","","",""
"P","PM_P_props.png",8,4,21,3,5,"prop/clicker","","",""
"P","PM_P_props.png",8,4,22,3,6,"prop/laptop_open_34","","",""
"P","PM_P_props.png",8,4,23,3,7,"prop/laptop_open_front","","",""
"P","PM_P_props.png",8,4,24,3,8,"prop/cardboard_box","","",""
"P","PM_P_props.png",8,4,25,4,1,"prop/badge_orange","","",""
"P","PM_P_props.png",8,4,26,4,2,"prop/badge_blue","","",""
"P","PM_P_props.png",8,4,27,4,3,"prop/mugs_pair","","",""
"P","PM_P_props.png",8,4,28,4,4,"prop/lamp_on","","",""
"P","PM_P_props.png",8,4,29,4,5,"prop/lamp_off","","",""
"P","PM_P_props.png",8,4,30,4,6,"prop/plant_small","","",""
"P","PM_P_props.png",8,4,31,4,7,"prop/sticky_notes","","",""
"P","PM_P_props.png",8,4,32,4,8,"prop/notebook_closed","","",""
"O","PM_O_furniture.png",4,3,1,1,1,"furn/office_chair","","",""
"O","PM_O_furniture.png",4,3,2,1,2,"furn/meeting_chair","","",""
"O","PM_O_furniture.png",4,3,3,1,3,"furn/sofa","","",""
"O","PM_O_furniture.png",4,3,4,1,4,"furn/desk_monitor","","",""
"O","PM_O_furniture.png",4,3,5,2,1,"furn/meeting_table","","",""
"O","PM_O_furniture.png",4,3,6,2,2,"furn/whiteboard","","",""
"O","PM_O_furniture.png",4,3,7,2,3,"furn/presentation_screen","","",""
"O","PM_O_furniture.png",4,3,8,2,4,"furn/kanban_normal","","",""
"O","PM_O_furniture.png",4,3,9,3,1,"furn/kanban_overloaded","","",""
"O","PM_O_furniture.png",4,3,10,3,2,"furn/checklist_poster","","",""
"O","PM_O_furniture.png",4,3,11,3,3,"furn/monitor_alert","","",""
"O","PM_O_furniture.png",4,3,12,3,4,"furn/plant_tall","","",""
"F","PM_F_icons.png",6,4,1,1,1,"icon/emo_exclaim","","",""
"F","PM_F_icons.png",6,4,2,1,2,"icon/emo_question","","",""
"F","PM_F_icons.png",6,4,3,1,3,"icon/emo_sweat","","",""
"F","PM_F_icons.png",6,4,4,1,4,"icon/emo_idea","","",""
"F","PM_F_icons.png",6,4,5,1,5,"icon/emo_anger","","",""
"F","PM_F_icons.png",6,4,6,1,6,"icon/emo_zzz","","",""
"F","PM_F_icons.png",6,4,7,2,1,"icon/emo_sparkle","","",""
"F","PM_F_icons.png",6,4,8,2,2,"icon/emo_heart","","",""
"F","PM_F_icons.png",6,4,9,2,3,"icon/emo_storm","","",""
"F","PM_F_icons.png",6,4,10,2,4,"icon/emo_coffee","","",""
"F","PM_F_icons.png",6,4,11,2,5,"icon/emo_check","","",""
"F","PM_F_icons.png",6,4,12,2,6,"icon/emo_cross","","",""
"F","PM_F_icons.png",6,4,13,3,1,"icon/stat_budget","","",""
"F","PM_F_icons.png",6,4,14,3,2,"icon/stat_progress","","",""
"F","PM_F_icons.png",6,4,15,3,3,"icon/stat_quality","","",""
"F","PM_F_icons.png",6,4,16,3,4,"icon/stat_morale","","",""
"F","PM_F_icons.png",6,4,17,3,5,"icon/stat_client","","",""
"F","PM_F_icons.png",6,4,18,3,6,"icon/stat_management","","",""
"F","PM_F_icons.png",6,4,19,4,1,"icon/stat_risk","","",""
"F","PM_F_icons.png",6,4,20,4,2,"icon/ico_deadline","","",""
"F","PM_F_icons.png",6,4,21,4,3,"icon/ico_up","","",""
"F","PM_F_icons.png",6,4,22,4,4,"icon/ico_down","","",""
"F","PM_F_icons.png",6,4,23,4,5,"icon/ico_calendar","","",""
"F","PM_F_icons.png",6,4,24,4,6,"icon/ico_checklist","","",""
